C_F,Type,Full_Text
ABC,ORG,Công ty Truyền thông ABC
ADB,ORG,Ngân hàng Phát triển châu Á
ADN,DNA,AND
ANĐT,,an ninh điều tra
ATGT,,An toàn Giao thông
ATM,,Máy rút tiền tự động
ATNĐ,,áp thấp nhiệt đới
ATTT,,An toàn Trật tự
ATTTGT,,An toàn Trật tự Giao thông
ATVSTP,,an toàn vệ sinh thực phẩm
BBCVT,ORG,Bộ Bưu chính Viễn thông
BBT,ORG,Ban biên tập
BC,,"Bán công, Bưu chính"
BCĐ,ORG,Ban chỉ đạo
BCĐĐMĐH,ORG,Ban chỉ đạo đổi mới đại học
BCĐPCTNTƯ,ORG,Ban chỉ đạo phòng chống tham nhũng trung ương
BCĐQG,ORG,Ban chỉ đạo Quốc gia
BCĐT,,Bưu chính điện tử
BCĐTS,ORG,Ban chỉ đạo tuyển sinh
BCHCD,ORG,Ban chỉ huy chiến dịch
BCHQS,ORG,Bộ chỉ huy quân sự
BCHTƯ,ORG,Ban chỉ huy trung ương
BCHTW,ORG,Ban chỉ huy trung ương
BCVT,ORG,Bưu chính Viễn thông
BD,ORG,Bình Dương
BĐ,,Bóng đá
BĐN,LOC,Bồ Đào Nha
BĐS,,bất động sản
BĐVN,ORG,Bóng đá Việt Nam
BGD,ORG,Bộ Giáo dục
BGDĐT,ORG,Bộ Giáo dục và Đào tạo
BGH,ORG,Ban giám hiệu
BGK,ORG,Ban giám khảo
BH,,Bảo hiểm
BHĐC,,bán hàng đa cấp 
BHL,ORG,Ban huấn luyện
BHV,ORG,Ban huấn luyện
BHXH,ORG,Bảo hiểm xã hội
BHYT,ORG,Bảo hiểm y tế
BIDV,ORG,Ngân hàng Đầu tư và Phát triển Việt Nam
BK,,Bách khoa
BKS,ORG,"Ban Kiểm soát, biển kiểm soát"
BLHS,,Bộ luật Hình sự
BP,ORG,Biên phòng
BQL,ORG,Ban quản lý
BQLDA,ORG,Ban Quản lý dự án
BSC,ORG,Công ty Chứng khoán Ngân hàng Đầu tư & Phát triển Việt Nam
BT,,"bảo trì, bộ trưởng"
BTA,,Hiệp định Thương mại Việt - Mỹ
BTBNN,,bảo trợ bệnh nhân nghèo
BTC,ORG,Ban tổ chức
BTS,ORG,Ban tuyển sinh
BTV,PER,Biên tập viên
BTVH,,Bổ túc Văn hóa
BV,ORG,Bện viện
BVĐK,ORG,Bệnh viện Đa khoa
BVTV,,Bảo vệ thực vật
BX,ORG,Bến xe
BXL,ORG,Bộ xử lý
CAHN,ORG,Công an Hà Nội
CAND,ORG,Công an Nhân dân
CATP,ORG,Công an Thành phố
CB,,"Cơ bản, Cán bộ, Chế biến"
CBCC,PER,cán bộ công chức
CBCNV,PER,Cán bộ công nhân viên
CBQLGD,PER,cán bộ quản lý giáo dục
CCB,PER,Cựu chiến binh
CCHC,,cải cách hành chính
CĐ,,Cao đẳng
CĐDC,,chất độc da cam 
CĐSP,ORG,Cao đẳng Sư phạm
CĐV,PER,Cổ động viên
CG,ORG,Nhóm các nhà tài trợ cho Việt Nam
CHDC,,Cộng hòa Dân chủ
CHDCND,,Cộng hòa Dân chủ Nhân dân
CHLB,,Cộng hòa Liên bang
CHND,,Cộng hòa Nhân dân
CK,,Chứng khoán
CLB,ORG,Câu lạc bộ
CMND,,Chứng minh nhân dân
CNCN,ORG,Chi nhánh Cấp nước
CNH,,Công nghiệp hóa
CNKT,PER,công nhân kỹ thuật
CNQSDĐ,,chứng nhận quyền sử dụng đất
CNSH,,Công nghệ sinh học
CNTN,PER,cử nhân tài năng 
CNTT,,Công nghệ thông tin
CNV,PER,Công nhân viên
CNVC,PER,Công nhân viên chức
COPD,,bệnh phổi tắc nghẽn mãn tính
CP,,"Cổ phần, cổ phiếu"
CPE,,Hợp đồng lao động đầu tiên
CPH,,Cổ phần hóa
CPP,ORG,Đảng Nhân dân Campuchia
CPSXTM,,cổ phần Xây dựng sản xuất thương mại
CPTD,,cổ phiếu tự do
CPTTT,,chậm phát triển trí tuệ
CPXD,,cấp phép xây dựng
CQĐT,ORG,Cơ quan điều tra
CSCĐ,ORG,cảnh sát cơ động
CSDC,ORG,cảnh sát dã chiến
CSDL,,Cơ sở Dữ liệu
CSĐN,ORG,cảnh sát đặc nhiệm
CSĐT,ORG,"Cảnh sát điều tra, cơ sở đào tạo"
CSĐTLX,,cơ sở đào tạo lái xe
CSĐTTP,ORG,Cảnh sát Điều tra tội phạm
CSĐTTPMT,ORG,Cảnh sát điều tra tội phạm ma túy
CSG,ORG,Cảng Sài Gòn
CSGT,ORG,Cảnh sát giao thông
CSHS,ORG,Cảnh sát Hình sự
CSKH,,Chăm sóc khách hàng
CSKT,ORG,Cảnh sát kinh tế
CSKV,ORG,Cảnh sát khu vực
CSPCTPMT,ORG,Cục cảnh sát phòng chống tội phạm ma túy
CSPK,,công suất phản kháng
CSQLHC,ORG,Cảnh sát Quản lý hành chính
CSSD,ORG,Đảng Xã hội Dân chủ cánh tả
CSSX,,cơ sở sản xuất
CSVC,,Cơ sở vật chất
CSVL,ORG,Cao su Việt - Lào 
CSVN,ORG,Cộng sản Việt Nam
CSXH,,chính sách xã hội
CT,,"Chính trị, Công ty"
CTCC,,Công trình Công cộng
CTCH,,chấn thương chỉnh hình
CTCK,ORG,công ty chứng khoán
CTCLQG,ORG,Chương trình chống lao quốc gia
CTCN,ORG,Công ty Cấp nước
CTCP,ORG,Công ty Cổ phần
CTĐ,,Chữ thập đỏ
CTĐL,ORG,Công ty Điện lực
CTN,,chuyển tiền nhanh
CTSN,,Chấn thương sọ não
CTTC,,cho thuê tài chính 
CTTH,,chương trình truyền hình
CTTNHH,ORG,Công ty Trách nhiệm Hữu hạn
CTTT,,chương trình tiên tiến
CTV,PER,cộng tác viên
CTXH,,Công tác xã hội 
CV,PER,Chuyên viên
CVPM,ORG,Công viên phần mềm 
CX,,Cư xá
DAGTĐT,,dự án giao thông đô thị
ĐATP,ORG,Đông Á - Thép Pomina 
ĐB,,"Đại biểu, Đồng bằng"
ĐBDT,,đồng bào dân tộc
ĐBP,,Điện Biên Phủ
ĐBQH,PER,Đại biểu quốc hội
ĐBSCL,LOC,Đồng bằng sông Cửu Long
ĐBTN,PER,Đại biểu thanh niên
ĐBTSXB,,đánh bắt thủy sản xa bờ
ĐC,,"địa chỉ, điều chế"
DCCH,,Dân chủ Cộng hòa
ĐCS,ORG,Đảng cộng sản
ĐCSTQ,ORG,Đảng cộng sản Trung Quốc
ĐCSVN,ORG,Đảng cộng sản Việt Nam
DD,,"Dân dụng, Dinh dưỡng"
ĐD,,Đại diện
ĐĐ,,"Động đất, đất đai"
DDVN,,Duyên Dáng Việt Nam
ĐH,,Đại học
ĐHBC,ORG,Đại học Bán công
ĐHBK,ORG,Đại học Bách khoa
ĐHBKHCM,ORG,Đại học Bách khoa Thành phố Hồ Chí Minh
ĐHBKHN,ORG,Đại học Bách khoa Hà Nội
ĐHBKTPHCM,ORG,Đại học Bách khoa Thành phố Hồ Chí Minh
ĐHCĐ,,"đại hội cổ đông, Đại học Công đoàn"
ĐHCLC,,đại học chất lượng cao
ĐHCN,ORG,đại học Công nghệ
ĐHCT,ORG,Đại học Cần Thơ
ĐHĐCQT,ORG,Đại học đẳng cấp quốc tế
ĐHĐD,ORG,Đại học Đông Dương
ĐHDL,ORG,Đại học Dân lập
ĐHĐN,ORG,Đại học Đà nẵng
ĐHGTVT,ORG,Đại học Giao thông Vận tải
ĐHHB,ORG,Đại học Hồng Bàng
ĐHHVN,ORG,Đại học Hàng hải Việt Nam
ĐHKH,ORG,Đại học Khoa học
ĐHKHTN,ORG,Đại học Khoa học tự nhiên
ĐHKHTNHN,ORG,Đại học Khoa học tự nhiên Hà nội
ĐHKHXH,ORG,Đại học Khoa học Xã hội
ĐHKT,ORG,Đại học Kỹ thuật
DHKTCN,ORG,Đại học Kỹ thuật Công nghệ
ĐHKTCN,ORG,Đại học Kỹ thuật Công nghệ
ĐHKTQD,ORG,Đại học Kinh tế Quốc dân
ĐHN,,"Điện hạt nhân, đồng hồ nước"
ĐHNT,ORG,Đại học Nha Trang
ĐHQG,ORG,Đại học Quốc gia
ĐHQGHN,ORG,Đại học Quốc gia Hà nội
DHS,PER,du học sinh
ĐHSP,ORG,Đại học Sư phạm
ĐK,,Đăng ký
ĐKDT,,đăng ký dự thi
ĐKĐT,,điện kế điện tử
ĐKHK,,Đăng ký hộ khẩu
ĐKKD,,Đăng ký kinh doanh
ĐKKH,,đăng ký kết hôn
ĐKVĐ,,Đương kim vô địch
ĐKVN,,Điền kinh Việt Nam
ĐKXT,,đăng ký xét tuyển 
DL,,Du lịch
ĐL,,đo lường
ĐLTP,,điện kế điện tử 
ĐMN,,Đá Mỹ Nghệ
DN,,Doanh nghiệp
ĐN,LOC,"Đồng nai, Đà nẵng"
ĐNA,LOC,Đông nam á
ĐNÁ,LOC,Đông Nam Á
DNNN,,Doanh nghiệp nhà nước
DNT,,Doanh nghiệp trẻ 
DNTN,,Doanh nghiệp Tư nhân
DNVN,,doanh nghiệp Việt Nam
DNVVN,,doanh nghiệp vừa và nhỏ
ĐRL,,điểm rèn luyện
DS,,dân số
ĐS,,đường sắt
ĐSQ,ORG,đại sứ quán
DT,,dự tuyển
ĐT,,Đào tạo
ĐTA,,đồng tính ái
ĐTB,,điểm trung bình
ĐTĐ,,đái tháo đường
ĐTDĐ,,Điện thoại di động
DTHT,,dạy thêm học thêm
ĐTHVN,ORG,Đài truyền hình Việt Nam
ĐTLA,,Đồng tính luyến ái
ĐTLT,,đào tạo liên thông
ĐTNN,,đầu tư nước ngoài
DTQG,ORG,Đội tuyển quốc gia
ĐTQG,ORG,Đội tuyển quốc gia
ĐTTX,,Đào tạo từ xa
ĐTTXQM,,Đào tạo từ xa Qua mạng
ĐTV,PER,điều tra viên
ĐTVHD,,động thực vật hoang dã
ĐTVN,ORG,Đội tuyển Việt Nam
ĐTXDCB,,đầu tư xây dựng cơ bả
DV,,"Dịch vụ, Diễn viên"
ĐV,PER,Đoàn viên
ĐVHT,,Đơn vị học trình
DVTMCM,ORG,dịch vụ thương mại Cà Mau
ĐVTN,PER,đoàn viên thanh niên
DVTT,,"Dịch vụ trực tuyến, dịch vụ thông tin"
ĐVTTN,ORG,Đoàn viên thanh thiếu nhi
ĐVƯT,PER,đoàn viên ưu tú
DVVL,,dịch vụ việc làm
EU,ORG,Liên minh châu Âu
EVN,ORG,Công ty Viễn thông điện lực
FIFA,ORG,Liên đoàn bóng đá thế giới
GATT,,Hiệp định chung về Thuế quan và Thương mại 
GCMND,,giấy chứng minh nhân dân
GCN,,Giấy chứng nhận
GCNĐKKD,,Giấy chứng nhận đăng ký kinh doanh
GCNKQT,,giấy chứng nhận kết quả thi 
GCNQSD,,giấy chứng nhận quyền sử dụng
GCNQSDĐ,,Giấy chứng nhận quyền sử dụng đất
GCNQSDĐƠ,,Giấy chứng nhận quyền sử dụng đất ở
GCNQSH,,Giấy chứng nhận quyền sở hữu
GCNQSHN,,Giấy chứng nhận quyền sở hữu nhà
GCNQSHNƠ,,Giấy chứng nhận quyền sở hữu nhà ở
GCNSK,,giấy chứng nhận sức khỏe
GCQ,,giấy chủ quyền
GD,,Giáo dục
GĐ,PER,Giám đốc
GDĐH,,giáo dục dục đại học
GĐĐH,,giám đốc điều hành
GDĐT,,Giáo dục & Đào tạo
GDGT,,giáo dục giới tính 
GDNN,,giáo dục nghề nghiệp
GĐT,ORG,Gạch Đồng Tâm
GĐTLA,ORG,Gạch Đồng Tâm Long An
GĐTT,PER,Giám đốc thông tin
GDTX,,Giáo dục thường xuyên 
GHPGVN,ORG,Giáo hội Phật giáo Việt Nam
GK,,Giáo khoa
GKQT,,chứng nhận kết quả thi
GL,LOC,Gia Lai
GMD,PER,gái mại dâm 
GP,,Giấy phép
GPC,ORG,Công ty Dịch vụ Viễn thông
GPLHĐB,,giấy phép lưu hành đặc biệt
GPLX,,Giấy phép lái xe
GPNK,,phép nhập khẩu
GPTM,,giải phẫu thẩm mỹ
GPXD,,Giấy phép xây dựng
GS,PER,Giáo sư
GSTS,PER,Giáo sư Tiến sỹ
GSTSKH,PER,Giáo sư Tiến sỹ Khoa học
GSTT,PER,giám sát trọng tài
GT,,"Giao thông , Giá trị"
GTCC,,Giao thông Công chánh
GTGT,,Giá trị gia tăng
GTMT,,giãn tĩnh mạch tinh
GTVT,,Giao thông Vận tải
GV,PER,"Giáo viên, Giảng viên"
GVCN,PER,Giáo viên chủ nhiệm
GVG,PER,giáo viên giỏi 
GVMN,PER,"giáo viên mầm non, giáo viên miền núi"
GVTH,PER,giáo viên tiểu học
GVTN,PER,giáo viên tình nguyện
HAGL,ORG,Hoàng Anh Gia Lai
HB,,Học bổng
HBV,,virus viêm gan B
HC,,"hành chính, huy chương"
HCB,,Huy chương bạc
HCĐ,,Huy chương đồng
HCM,PER,Hồ Chí Minh
HCTC,,học chế tín chỉ 
HCTL,,hội chợ triển lăm
HCV,,Huy chương vàng
HCVL,,Hội chợ việc làm 
HD,,Hướng dẫn
HĐ,,"Hội đồng, Hợp đồng"
HĐBA,ORG,Hội đồng Bảo an Liên Hiệp Quốc
HĐCD,ORG,Hội đồng chức danh
HĐCDGS,ORG,Hội đồng chức danh giáo sư
HĐCDGSCS,ORG,Hội đồng chức danh giáo sư cơ sở
HĐCDGSN,ORG,Hội đồng Chức danh giáo sư ngành
HĐCDGSNN,ORG,Hội đồng Chức danh giáo sư nhà nước
HĐCT,ORG,hội đồng coi thi
HĐĐB,ORG,Hội đồng Đền bù
HĐĐG,ORG,Hội đồng định giá
HĐH,,Hệ điều hành
HĐKT,,hợp đồng kinh tế
HĐLĐ,,Hợp đồng lao động 
HĐNDTP,ORG,Hội đồng nhân dân thành phố
HĐNT,,hội đồng nghệ thuật
HĐQT,,Hội đồng Quản trị
HĐT,ORG,"hội đồng trường , hội đồng thi "
HĐTĐ,ORG,Hội đồng thẩm định
HĐTS,ORG,Hội đồng tuyển sinh
HĐTT,ORG,Hội đồng Trọng tài
HDV,PER,hướng dẫn viên
HĐXX,ORG,Hội đồng xét xử
HH,PER,Hoa hậu
HHTG,PER,Hoa hậu Thế giới
HHVN,PER,Hoa hậu Việt Nam
HK,,Học kỳ
HKDD,,Hàng không dân dụng
HKDDVN,ORG,Hàng không dân dụng Việt Nam
HKHKT,ORG,hội khoa học kỹ thuật
HKHKTVN,ORG,hội khoa học kỹ thuật Việt Nam
HKTT,,hộ khẩu thường trú
HL,,huấn luyện
HLBĐ,ORG,Hoa Lâm Bình Định
HLQG,,Huấn luyện Quốc gia
HLTTQG,ORG,Trung tâm huấn luyện thể thao quốc gia
HLV,PER,Huấn luyện viên
HMNĐ,,hiến máu nhân đạo
HN,,"Hà Nội, Hội nghị"
HND,ORG,Hội nông dân
HNGĐ,,hôn nhân gia đình
HNHT,ORG,hội nghị hiệp thương 
HNV,ORG,Hội Nhà văn
HP,,"Hải phòng, Học phần"
HPHN,ORG,Hòa Phát Hà Nội 
HQ,,"Hải quan, Hàn quốc"
HQĐT,ORG,Hải quan điện tử
HQHP,ORG,Hải quan Hải phòng
HS,PER,Học sinh
HSBC,PER,Học sinh bán công
HSĐKDT,,Hồ sơ đăng ký dự thi
HSDPA,,Truy nhập gói đường xuống tốc độ cao
HSG,PER,học sinh giỏi
HSGQG,PER,học sinh giỏi Quốc gia
HSGQT,PER,học sinh giỏi Quốc tế
HSPT,PER,học sinh phổ thông
HSSV,PER,Học sinh sinh viên
HSV,ORG,Hội sinh viên
HTCĐ,,học tập cộng đồng
HTXDVNN,ORG,Hợp tác xã dịch vụ nông nghiệp
HUD,ORG,Tổng công ty Đầu tư phát triển nhà và đô thị 
HV,,Học viên
HVANND,ORG,Học viện An ninh Nhân dân
HVBCVT,ORG,Học viện Bưu chính Viễn thông
HVCH,ORG,Học viên Cao học
HVCNBCVT,ORG,Học viện Công nghệ Bưu chính Viễn thông
HVKHQS,ORG,Học viện Khoa học Quân sự
HVN,ORG,Honda Việt Nam
HVNCL,,Hàng Việt Nam chất lượng
HVNCLC,,Hàng Việt Nam chất lượng cao
HVNH,ORG,Học viện Ngân hàng
IMF,,Quỹ tiền tệ quốc tế
KBNN,ORG,Kho bạc Nhà nước
KBS,ORG,Kênh truyền hình TW Hàn Quốc
KCB,,khám chữa bệnh
KCN,,Khu công nghiệp
KCX,,Khu chế xuất
KDC,,khu dân cư
KĐCL,,Kiểm định chất lượng
KĐCLGD,,Kiểm định chất lượng Giáo dục
KDCN,,Kiểu dáng công nghiệp
KDDV,,kinh doanh dịch vụ
KDĐV,,Kiểm dịch động vật
KDHĐC,,kinh doanh hàng đa cấp
KDL,,Khu du lịch
KDN,,Kinh doanh nhà
KDNPN,ORG,Kinh doanh nhà Phú Nhuận
KĐS,,Khu đường sông
KĐT,,Khu đô thị
KĐTM,,Khu đô thị mới
KĐTNTL,ORG,Đô thị Nam Thăng Long
KH,,Kế hoạch
KHCN,,Khoa học Công nghệ
KHĐT,,Kế hoạch Đầu tư
KHKD,,Kế hoạch kinh doanh
KHKT,,Khoa học Kỹ thuật
KHKTHN,,Khoa học Kỹ thuật Hạt nhân
KHKTHS,,Khoa học kỹ thuật hình sự
KHKTNN,,Khoa học kỹ thuật Nông nghiệp
KHKTNNMN,ORG,Khoa học kỹ thuật Nông nghiệp miền Nam
KHLS,,Khoa học lịch sử
KHTN,,Khoa học Tự nhiên
KHXH,,Khoa học Xãn hội
KK,,Khuyến khích
KKT,,khu kinh tế
KL,,Kết luận
KLĐT,,kết luận điều tra
KLQG,,Kỷ lục quốc gia 
KN,,Khuyến nông
KNTC,,khiếu nại tố cáo
KP,,khu phố
KS,PER,"Kỹ sư, Khách sạn"
KSND,ORG,Kiểm sát nhân dân
KSNDTC,ORG,Kiểm sát Nhân dân Tối cao
KST,,ký sinh trùng
KSV,PER,kiểm sát viên
KTM,,Khu thương mại
KTNN,,Kinh tế nhà nước
KTQD,,kinh tế quốc dân
KTQDHN,ORG,Kinh tế Quốc dân Hà Nội
KTS,PER,Kiến trúc sư
KTTV,,khí tượng thủy văn
KTV,PER,Kỹ thuật viên
KTX,,Ký túc xá
KV,,Khu vực
KV1,LOC,Khu vực 1
KV2,LOC,Khu vực 2
KV3,LOC,Khu vực 3
LB,,Liên bang
LCT,,"Luật Cạnh tranh, Luật công ty"
LĐ,,Lao động
LĐBĐ,ORG,Liên đoàn bóng đá
LĐBĐVN,ORG,Liên đoàn bóng đá Việt Nam
LĐLĐ,ORG,Liên đoàn Lao động
LDP,ORG,Đảng Dân chủ Tự do
LĐTB,,Lao động Thương binh
LĐTBXH,,Lao động Thương binh Xã hội
LH,,"Liên hiệp, Liên hoan"
LHP,,Liên hoan phim
LHPN,ORG,Liên hiệp Phụ nữ
LHQ,,"Liên hiệp quốc, Lên hợp quốc"
LHS,PER,lưu học sinh
LHTN,ORG,Liên hiệp Thanh niên
LHTNVN,ORG,Hội Liên hiệp Thanh niên Việt Nam
LL,,lực lượng
LLLĐ,,Lực lượng lao động
LS,PER,Luật sư
LSQ,PER,Lãnh sự quán
LTQĐTD,,lây truyền qua đường tình dục
MB,ORG,Ngân hàng TMCP quân đội
MBH,,mũ bảo hiểm
MHX,,Mùa hè xanh
MS,,Mã số
MT,,"Môi trường, Mặt trận"
MTĐT,,Máy tính điện tử
MTTQ,,Mặt trận tổ quốc
MTTQVN,ORG,Mặt trận tổ quốc Việt Nam
MTXT,,Máy tính xách tay
NC,,Nghiên cứu
NCC,,nhà cung cấp
NCKH,,nghiên cứu khoa học
NCL,,ngoài công lập
NCS,PER,Nghiên cứu sinh
NCTO,ORG,Hội đồng Các Tổ chức Dệt may Quốc gia Mỹ 
NCTT,,Nghiên cứu thị trường
ND,,Nhân dân
NĐ,,Nghị định
NDC,ORG,Trung tâm dữ liệu Viễn thám Quốc gia
NDT,,Nhân dân tệ
NĐT,,Nhà đầu tư
NĐVN,PER,người đẹp Việt Nam
NH,,Ngân hàng
NHCSXH,ORG,Ngân hàng Chính sách xã hội 
NHCTCN,ORG,Ngân hàng Công thương Chi nhánh
NHCTHP,ORG,Ngân hàng Công thương Hải Phòng
NHCTVN,ORG,Ngân hàng Công thương Việt Nam
NHĐA,ORG,Ngân hàng Đông Á
NHĐÁ,ORG,Ngân hàng Đông Á
NHĐT,ORG,Ngân hàng Đầu tư
NHĐTPT,ORG,Ngân hàng Đầu tư phát triển
NHK,ORG,Đài truyền hình quốc gia Nhật Bản
NHNN,ORG,Ngân hàng nhà nước
NHNNo,ORG,Ngân hàng Nông nghiệp và Phát triển Nông thôn
NHNNPTNT,ORG,Ngân hàng Nông nghiệp và Phát triển Nông thôn
NHNNVN,ORG,Ngân hàng Nhà nước Việt Nam
NHNoVN,ORG,Ngân hàng Nông nghiệp và Phát triển Nông thôn Việt Nam
NHNT,ORG,Ngân hàng Ngoại thương
NHRC,ORG,Ủy ban Nhân quyền quốc gia
NHTM,ORG,Ngân hàng Thương mại
NHTMCP,,ngân hàng thương mại cổ phần
NHTMNN,,ngân hàng thương mại nhà nước
NHTMQD,,ngân hàng thương mại quốc doanh
NHTQ,ORG,Ngân hàng Trung ương Trung Quốc
NHTSA,ORG,Cục an toàn xa lộ quốc gia Mỹ
NHTƯ,ORG,Ngân hàng Trung ương 
NHTW,ORG,Ngân hàng Trung ương 
NK,,Nhập khẩu
NKBV,,nhiễm khuẩn bệnh viện
NKKN,LOC,Nam Kỳ Khởi Nghĩa
NKNV,,Năng khiếu Nghiệp vụ
NKT,PER,người khuyết tật
NL,,Năng lượng
NLĐ,PER,Người lao động
NLMT,,năng lượng mặt trời 
NLS,,nông lâm sản
NLTT,,năng lượng tái tạo
NMĐ,ORG,nhà máy điện
NN,,Nhà nước
NNCĐDC,PER,Nạn nhân chất độc da cam
NNPTNT,,Nông nghiệp và Phát triển nông thôn
NPP,,Nhà phân phối
NQ,,Nghị quyết
NQD,,ngoài quốc doanh
NS,PER,Nghệ sỹ
NSND,PER,Nghệ sỹ nhân dân
NSNN,,ngân sách nhà nước 
NST,,nhiễm sắc thể
NSƯT,PER,Nghệ sỹ ưu tú
NTBD,,Nghệ thuật biểu diễn
NTD,PER,"Nhà tuyển dụng, người tiêu dùng"
NTK,PER,nhà thiết kế
NV,,"Nhân viên, Nguyện vọng"
NV1,,Nguyện vọng 1
NV2,,Nguyện vọng 2
NV3,,Nguyện vọng 3
NVH,ORG,Nhà văn hóa
NVHTN,ORG,Nhà Văn hóa Thanh niên 
NXB,ORG,Nhà xuất bản
NXBGD,ORG,Nhà xuất bản Giáo dục
NXBKHXH,ORG,Nhà xuất bản Khoa học Xã hội
NXBQĐND,ORG,Nhà xuất bản Quân đội Nhân dân
NXBTN,ORG,Nhà xuất bản Tự nhiên
NXBVHTT,ORG,Nhà xuất bản Văn hóa Nghệ thuật
PC14,ORG,Phòng Cảnh sát điều tra tội phạm về trật tự xã hội
PC15,ORG,Phòng Cảnh sát điều tra tội phạm về quản lý kinh tế và chức vụ
PC16,ORG,Phòng Cảnh sát điều tra
PC17,ORG,Phòng cảnh sát phòng chống tội phạm ma tuý
PCBL,,phòng chống bão lụt
PCBLTKCN,,phòng chống bão lụt và tìm kiếm cứu nạn
PCBTH,,phổ cập bậc trung học
PCC,ORG,Phòng công chứng
PCCC,,Phòng cháy chửa cháy
PCGD,,phổ cập giáo dục
PCGDBTH,,phổ cập giáo dục bậc trung học
PCGDTH,,phổ cập giáo dục tiểu học
PCGDTHCS,,phổ cập giáo dục trung học cơ sở
PCLBMN,,phòng chống lụt bão miền Nam
PCLBTƯ,,phòng chống lụt bão Trung ương
PCLBTW,,phòng chống lụt bão Trung ương
PCT,PER,"Phó chủ tịch, "
PCTH,,phổ cập tiểu học
PCTHCS,,phổ cập trung học cơ sở
PCTN,,Phòng chống tệ nạn
PCTNXH,,Phòng chống tệ nạn xã hội
PCTPCNC,,Phòng chống tội phạm công nghệ cao
PGĐ,PER,Phó giám đốc
PGHH,ORG,Phật giáo Hòa Hảo
PGS,PER,Phó Giáo sư
PHHS,PER,phụ huynh học sinh
PL,,Pháp luật
PLO,ORG,Tổ chức Giải phóng Palestin
PM,,phần mềm
PMU,ORG,Ban quản lý dự án
PMU18,ORG,Ban quản lý dự án 18
PN,,Phụ nữ
PNTR,,Quy chế Thương mại bình thường vĩnh viễn
PP,,phương pháp
PS,,Phóng sự
PTCS,,Phổ thông cơ sở
PTN,,phòng thí nghiệm
PTNT,,Phát triển Nông thôn
PTSC,ORG,Công ty Dịch vụ Kỹ thuật dầu khí
PTT,PER,Phó thủ tướng
PTTH,,Phổ thông trung học
PTTM,,Phẫu thuật thẩm mỹ
PTTT,,Phát triển trẻ thơ
PTV,PER,Phát thanh viên
PV,PER,"Phóng viên, Phỏng vấn"
PY,LOC,Phú Yên
QBLTD,,Quĩ bảo lãnh tín dụng
QC,,Quy chế
QCDCCS,,quy chế dân chủ cơ sở
QCGNHH,,Quy chế ghi nhãn hàng hóa
QCHQ,PER,quan chức hải quan
QCKDTXD,,Quy chế kinh doanh thép xây dựng
QCKT,,quy chuẩn kĩ thuật
QĐ,,Quyết định
QĐND,,Quân đội nhân dân
QG,,Quốc gia
QH,,Quốc hội
QHTD,,Quan hệ tình dục
QK,,Quân khu
QL,,Quản lý
QLD,,Quản lý dược
QLDA,,Quản lý dự án
QLĐT,,Quản lý Đào tạo
QLTT,,Quản lý thị trường
QN,LOC,Quảng Ninh
QSD,,quyền sử dụng
QSDĐ,,quyền sử dụng đất
QTKD,,Quản trị Kinh doanh
RLC,,rối loạn cương
RLCD,,rối loạn cương dương
SARS,,"SARS, Hội chứng hô hấp cấp tính nặng"
SBD,,Số báo danh
SBS,ORG,Công ty Chứng khoán Ngân hàng Sài Gòn Thương Tín
SD,,sử dụng
SDĐ,,sử dụng đất
SDĐNN,,sử dụng đất nông nghiệp
SĐH,,sau đại học 
SĐK,,số đăng ký
SĐNĐ,ORG,Sông Đà Nam Định
SĐT,,số điện thoại
SĐTLA,ORG,Sơn Đồng Tâm Long An
SG,LOC,Sài Gòn
SGD,ORG,Sở giáo dục
SGGP,,Sài gòn giải phóng
SGK,,Sách giáo khoa
SGT,ORG,Saigontourist 
SGTT,ORG,Sài Gòn Tiếp Thị 
SGTVT,ORG,Sở Giao thông Vận tải
SH,,Sinh hoạt
SHNN,,Sở hữu nhà nước
SHTD,,sinh hoạt tình dục
SHTT,,sở hữu trí tuệ 
SJC,ORG,Công Ty Vàng Bạc Đá Quý TP Hồ Chí Minh
SK,,Sân khấu
SKHCN,ORG,Sở Khoa học Công nghệ
SKHCNMT,ORG,Sở Khoa học Công nghệ và Môi trường
SKHĐT,ORG,Sở Kế hoạch và Đầu tư
SKSS,,sức khỏe sinh sản
SLNA,ORG,Sông Lam Nghệ An
SMĐH,,Sao mai Điểm hẹn
SN,,"Sinh năm, sinh ngày"
SNN,ORG,sở Nông nghiệp
SP,,"Sư phạm, Sản phẩm"
SPKT,,Sư phạm kỹ thuật
SS,,Sĩ số
SSA,ORG,Hiệp hội Tôm miền Nam nước Mỹ
STB,ORG,Ngân hàng thương mại cổ phần Sài Gòn Thương Tín
SV,PER,Sinh viên
SVĐ,,Sân vận động
SVĐV,,Sao Vàng Đất Việt 
SVHS,PER,Sinh viên học sinh
SV–HS,PER,Sinh viên học sinh
SVNCKH,PER,Sinh viên nghiên cứu khoa học
SVTN,PER,Sinh viên tình nguyện
SVVN,PER,Sinh viên Việt Nam
SX,,Sản xuất
SXH,,sốt xuất huyết
SYLL,,Sơ yếu lý lịch
TACN,,thức ăn chăn nuôi
TAND,ORG,Tòa án nhân dân
TANDTC,ORG,Tòa án Nhân dân Tối cao
TBD,LOC,Thái Bình Dương 
TBKTSG,ORG,Thời báo kinh tế Sài Gòn 
TBKTVN,ORG,Thời báo Kinh tế Việt Nam
TBMMN,,Tai biến mạch máu não
TBT,PER,Tổng biên tập
TBTT,,thuê bao trả trước
TBXH,,Thương binh Xã hội
TC,,"Tài chính, Tổng cộng"
TCBVNTD,,Tiêu chuẩn và bảo vệ người tiêu dùng
TCCN,,trung cấp chuyên nghiệp
TCCS,,"tổ chức cơ sở, Tạp chí Cộng sản"
TCDL,ORG,Tổng cục Du lịch 
TCHL,,tuyệt chủng hàng loạt
TCHQ,ORG,Tổng cục hải quan
TCKH,,"Tài chính - Kế hoạch, Tạp chí Khoa học, trái cây không hạt"
TCKT,,Tài chính - Kế toán
TCMN,,thủ công mỹ nghệ
TCMR,,tiêm chủng mở rộng 
TCN,,trung cấp nghề
TCNN,,Tài chính nhà nước
TCS,PER,Trịnh Công Sơn
TCT,,Tổng công ty
TCTD,,tổ chức tín dụng
TCTT,,trò chơi trực tuyến
TCTTMSG,ORG,Tổng công ty Thương mại Sài Gòn
TCVN,,Tiêu chuẩn Việt Nam 
TCVSG,ORG,Thảo Cầm Viên Sài Gòn
TD,,tình dục
TĐ,,từ điển
TĐBKVN,,Từ Điển Bách Khoa Việt Nam
TĐC,,tái định cư
TDTT,,Thể dục thể thao
TDTTQG,,Thể dục thể thao Quốc gia
TDV,PER,trình dược viên
TFS,ORG,Hãng phim Truyền hình TPHCM
TG,,thế giới
TGĐ,PER,Tổng giám đốc
TGPL,,trợ giúp pháp lý
TH,,"Truyền hình, Trung học"
THCB,,Trung học Chuyên ban
THCN,,Trung học chuyên nghiệp
THCS,,Trung học cơ sở
THCSND,,Thực hiện chính sách nhà đất
THCSNĐ,,Thực hiện chính sách nhà đất
THDL,,trung học dân lập
THGT,,tín hiệu giao thông
THKTS,,truyền hình kỹ thuật số
THKTSMĐ,,truyền hình kỹ thuật số mặt đất
THPT,,Trung học phổ thông
THQG,,thương hiệu quốc gia
THS,,Tín hiệu số
THTT,,truyền hình trực tiếp
THVN,,Truyền hình Việt Nam
THX,ORG,Tân hoa xã
TK,,thiết kế
TKCN,,tìm kiếm cứu nạn
TM,,Thương mại
TMCP,,Thương mại cổ phần
TMĐT,,Thương mại Điện tử
TMN,ORG,Thép Miền Nam 
TMV,ORG,Công ty ôtô Toyota Việt Nam
TN,PER,Thanh niên
TNCN,,thu nhập cá nhân 
TNCS,PER,Thanh niên cộng sản
TNĐH,,tốt nghiệp đại học
TNDN,,Thu nhập doanh nghiệp
TNĐT,,Thoát nước Đô thị
TNGT,,Tai nạn giao thông
TNHC,PER,Trinh nữ hoàng cung
TNHH,,Trách nhiệm hữu hạn
TNK,,thuế nhập khẩu
TNKQ,,trắc nghiệm khách quan
TNLN,PER,thanh niên lập nghiệp
TNMT,,Tài nguyên Môi trường
TNND,,Tiếng nói Nhân dân
TNNT,,thanh niên nông thôn
TNO,ORG,Thanh niên Online
TNS,PER,tu nghiệp sinh
TNSV,PER,thanh niên sinh viên
TNSVVN,PER,thanh niên sinh viên Việt Nam
TNT,PER,Tình Nguyện Trẻ
TNTN,,"thanh niên tình nguyện, tài nguyên thiên nhiên"
TNTP,PER,Thiếu niên Tiền phong
TNV,PER,Tình nguyện viên
TNVN,PER,Thanh niên Việt Nam
TNXH,,tệ nạn xã hội
TNXK,PER,Thanh niên xung kích
TNXP,PER,Thanh niên xung phong
TPCĐ,,trái phiếu chuyển đổi
TPCN,,Thực phẩm chức năng
TPCT,,Thành phố Cần Thơ
TPHCM,,Thành phố Hồ Chí Minh
TPO,ORG,Tiên phong Online
TQ,LOC,Trung Quốc
TSDĐ,,tiền sử dụng đất
TSKH,PER,Tiến sỹ Khoa học
TSN,,Tân Sơn Nhất
TT,,"Trung tâm, Thị trường"
TTBĐS,,thị trường bất động sản
TTBDVH,,Trung tâm bồi dưỡng văn hóa
TTBDVHNG,,Trung tâm bồi dưỡng văn hóa ngoài giờ
TTBVQTG,,Trung tâm bảo vệ quyền tác giả
TTBYT,,Trang thiết bị y tế
TTCK,ORG,"Trung tâm chứng khoán, Thị trường Chứng khoán"
TTCN,ORG,"Tuổi trẻ Chủ nhật, Trung tâm cai nghiện, Tiểu thủ công nghiệp"
TTCP,PER,"Thanh tra Chính phủ , Thủ tướng Chính phủ"
TTCT,,Thể Thao Cuối Tuần
TTĐB,,thuế Tiêu thụ đặc biệt
TTDD,ORG,Trung tâm Dinh dưỡng
TTĐM,ORG,Trung tâm Điện máy
TTDV,ORG,Trung tâm Dịch vụ
TTDVVL,ORG,Trung tâm Dịch vụ việc làm
TTg,PER,Thủ tướng
TTGDCK,ORG,Trung tâm giao dich chứng khoán
TTGDTX,ORG,Trung tâm Giáo dục thường xuyên
TTGT,,Trật tự Giao thông
TTH,LOC,Thừa Thiên Huế
TTHTCĐ,ORG,Trung tâm học tập cộng đồng
TTHTSV,ORG,trung tâm hỗ trợ sinh viên
TTK,PER,tổng thư ký
TTLT,,Thông tư liên tịch
TTN,PER,thanh thiếu niên
TTNN,ORG,Trung tâm Ngoại Ngữ
TTO,ORG,Tuổi trẻ online
TTQLKT,,trật tự quản lý kinh tế
TTTH,,Trung tâm Tin học
TTTM,,trung tâm thương mại 
TTTON,,thụ tinh trong ống nghiệm
TTTTN,PER,trí thức trẻ tình nguyện
TTVGT,PER,trật tự viên giao thông
TTVH,,Trung tâm Văn hóa
TTVN,,"Trí tuệ Việt Nam, Trái tim Việt Nam, Thể thao Việt Nam"
TTXH,,trật tự xã hội
TTXVN,ORG,Thông tấn xã Việt Nam
TTYT,,Trung tâm y tế
TTYTDP,,Trung tâm Y tế dự phòng
TV,,"Thư viện, Tivi"
TVHK,PER,tiếp viên hàng không
TVN,ORG,Than Việt Nam
TVQH,,Thường vụ Quốc hội
TVV,PER,tư vấn viên
TW,,Trung ương
TX,,Thị xã
UBCKNN,ORG,Ủy ban Chứng khoán Nhà nước
UBKT,ORG,Uỷ ban Kiểm tra
UBMTTQ,ORG,Ủy ban Mạt trận Tổ quốc
UBMTTQVN,ORG,Ủy ban Mặt trận Tổ quốc Việt Nam
UBNDTP,ORG,Ủy ban Nhân dan Thành phố
UBTDTT,ORG,Ủy ban Thể dục Thể thao
UBTVQH,ORG,Ủy ban thường vụ Quốc hội 
ƯCV,PER,ứng cử viên
UNDP,ORG,Chương trình Phát triển Liên Hợp Quốc
UNESCO,ORG,"Tổ chức Giáo dục, Khoa học và Văn hóa của Liên hiệp quốc"
UNFPA,ORG,Quỹ dân số Liên Hợp Quốc
UNHCR,ORG,Văn phòng Cao ủy Liên hợp quốc về người tỵ nạn
UNICEF,ORG,Quỹ Nhi đồng Liên hợp quốc
UNIFIL,ORG,Lực lượng gìn giữ hòa bình của LHQ tại miền nam Libăng
UT,,ung thư
UV,PER,Ủy viên
UVBCH,PER,Ủy viên ban chấp hành
UVBCT,PER,Ủy viên Bộ chính trị
VCB,ORG,Ngân hàng ngoại thương Việt Nam
VCK,,Vòng chung kết
VD,,ví dụ
VĐ,,Vô địch
VDC,ORG,Công ty Điện toán và Truyền số liệu
VĐQG,,Vô địch Quốc gia
VĐV,PER,Vận động viên
VĐVQG,PER,Vận động viên Quốc gia
VFF,ORG,Liên đoàn bóng đá Việt Nam
VH,,Văn hóa
VHGDTNTN,,Văn hóa Giáo dục Thanh niên Thiếu niên
VHGDTTNNĐ,,Văn hóa Giáo dục Thanh thiếu niên và Nhi đồng
VHNT,,Văn học Nghệ thuật
VHTT,,Văn hóa Thông tin
VKS,ORG,Viện Kiểm sát
VKSND,ORG,Viện Kiểm sát Nhân dân
VKSNDTC,ORG,Viện Kiểm sát Nhân dân Tối cao
VL,,Vật lý
VLTK,,Võ Lâm Truyền Kỳ
VLXD,,Vật liệu xây dựng
VN,LOC,Việt Nam
VNCC,ORG,Tổng Công ty Xi măng Việt Nam
VNM,ORG,Vinamilk 
VP,,Văn phòng
VPCP,ORG,Văn phòng chính phủ
VPĐD,,Văn phòng đại diện
VQG,,Vườn Quốc gia
VS,,Vệ sinh
VSP,ORG,Xí nghiệp Liên doanh Vietsovpetro
VT,,"Viên thông, Vi tính, Vũ trụ"
VTV,ORG,Đài truyền hình Việt Nam
VYSA,ORG,Hội Thanh niên Sinh viên Việt Nam tại Nhật Bản
WB,ORG,Ngân hàng thế giới
WTO,,Tổ chức Thương mại thế giới
XD,,Xây dựng
XDCB,,xây dựng cơ bản
XĐGN,,Xoá đói giảm nghèo
XDHK,,Xăng dầu hàng không
XH,,Xã hội
XHCN,,Xã hội chủ nghĩa
XHH,,xã hội hóa
XK,,Xuất khẩu
XKLĐ,,xuất khẩu lao động
XN,,Xí nghiệp
XNK,,Xuất nhập khẩu
XSKT,,xổ số kiến thiết
XTTM,,Xúc tiến thương mại
XX,,Xét xử
YKVN,ORG,Y khoa Việt Nam
YTDP,,Y tế Dự phòng
YTế,,Y tế